Country,WELL_NAME,OGA Well Name,WH_SITETYPE,WH_FIELD,WH_BLOCK,WH_LAT,WH_LONG,WH_COORD_SYS,WH_OPERATOR,WH_SPUD_DATE,WH_SPUD_YEAR,WH_COMP_DATE,WH_TD_M,WH_DR_ELEV_M,WH_DEPTH_REF,WH_WATER_DEPTH_M,SAMPLE_ID,SH_DEPTH_TOP_FT,SH_DEPTH_BOT_FT,SH_SAMPLE_TYPE,SH_SAMPLE_SUB_TYPE,SH_ORIG,SH_ORIG_DESC,SH_TREATMENT,SH_TREATMENT_DESC,SH_LITH,SH_AGE,SH_AGE_BOT,SH_FORM,SH_FORM_BOT,SH_CDATE,SH_COMMENT,SAMPLE_ID_GM,SAMPLE_ID_GDB,SAMPLE_ID_SAM,EXT_SAMPLE_VENDOR,SAMPLE_ID_EXT,GAS_METHOD,GAS_LAB,GAS_ACQ_DATE,GAS_TOTAL_CONCENTRATION,GAS_AIR,GAS_C1,GAS_C2,C2_UNSAT,GAS_C3,C3_UNSAT,GAS_IC4,GAS_NC4,C4_UNSAT,GAS_NEOC5,GAS_IC5,GAS_NC5,C5_UNSAT,GAS_NC5_PLUS,GAS_C6PLUS,GAS_O2,GAS_CO2,GAS_H2,GAS_H2S,GAS_HE,GAS_N2,D_G_METHOD,D_G_LAB,D_G_DATA_TYPE,D_G_ACQ_DATE,CSIA_CONC_C1,CSIA_NC1,CSIA_NC2,CSIA_NC3,CSIA_IC4,CSIA_NC4,CSIA_NEOC5,CSIA_IC5,CSIA_NC5,CSIA_ETHENE,CSIA_PROPENE,DC_G_CO2,DO_G_CO2,DS_G_H2S,DD_G_H2,DN_G_N2,DD_G_GAS,DD_G_NC1,DD_G_NC2,DD_G_NC3,DD_G_IC4,DD_G_NC4,DD_G_IC5,DD_G_NC5
United Kingdom,021/30-13A,21/30- 13A,WELL,,021/30,,,,,,,,,,,,EXPRO_5918,7375.98,7425.98,Gas,Unspecified,,,ASIS,,,,,,,,,,1000132,,,,UNKNOWN,RTS,01-01-00 0:00,,,78.23337,6.7517204,,5.0906324,,0.75201315,1.381126,,,0.40291047,0.7783559,,,1.49,,0.59,,,,0.71,,,,,,,,,,,,,,,,,,,,,,,,,,,,
United Kingdom,021/30-13A,21/30- 13A,WELL,,021/30,,,,,,,,,,,,FPC_317898,7376,7386,Gas,Unspecified,,,ASIS,,,,,,,,"GMC 0383, Bottle no. A 17581; Forties Sands Zone 1A Name updated on 17-Oct-02",,143560,,,,Air corrected,KSEPL,7/14/2006 0:00,,,78.82246,8.059817,,4.0546193,,0.52843267,1.1852363,,,0.20930554,0.32384637,,,0.35,0,0.91,,,,0.94,GCMS,KSEPL,,,,-56.3,-39.4,,,,,,,,,,,,,,,,,,,,,
United Kingdom,021/30-13A,21/30- 13A,WELL,,021/30,,,,,,,,,,,,FPC_317900,7376,7426,Gas,Unspecified,,,ASIS,,,,,,,,"GMC 0385, Bottle no. A 17636; Forties Sands Zone 1B Name updated on 17-Oct-02",,143561,,,,Air corrected,KSEPL,7/14/2006 0:00,,,83.3682,6.990275,,4.0546193,,0.5303067,1.1865445,,,0.19070268,0.2316728,,,0.32,,0.83,,,,1.12,GCMS,KSEPL,,,,-56.3,-39.5,,,,,,,,,,,,,,,,,,,,,
United Kingdom,029/08a-03,29/8a- 3,WELL,ACORN,029/08A,56.75346269,1.540328954,World Geodetic System 1984,SHELL,12/22/1984 0:00,1984,2/28/1978 0:00,4386.0718,27.432,KB,,FPC_63962,13267.5,13301,Gas,Subsurface,UNKN,,ASIS,,,,,SKAGERREK,,,"GMC 0069, Bottle no. A-10916",,114975,,,,Air corrected,KSEPL,7/14/2006 0:00,,,63.773838,12.763101,,7.7884026,,1.0128485,2.2834582,,,0.81460637,0.7864234,,,0.72,,2.49,,,,2.91,GCMS,KSEPL,,,,-49.5,,,,,,,,,,,,,,,,,,,,,,
United Kingdom,029/08a-03,29/8a- 3,WELL,ACORN,029/08A,56.75346269,1.540328954,World Geodetic System 1984,SHELL,12/22/1984 0:00,1984,2/28/1978 0:00,4386.0718,27.432,KB,,FPC_63961,13016,13074,Gas,Subsurface,UNKN,,ASIS,,,,,SKAGERREK,,,"GMC 0068, Bottle no. A-12307 Depth(s) updated on 17-Oct-02",,114974,,,,Air corrected,KSEPL,7/14/2006 0:00,,,61.740364,12.955398,,6.197393,,0.72761035,1.7886767,,,0.46575603,0.60171264,,,0.58,,2.77,,,,0,GCMS,KSEPL,,,,-49.2,,,,,,,,,,,,,,,,,,,,,,
United Kingdom,029/08a-03,29/8a- 3,WELL,ACORN,029/08A,56.75346269,1.540328954,World Geodetic System 1984,SHELL,12/22/1984 0:00,1984,2/28/1978 0:00,4386.0718,27.432,KB,,FPC_63958,13125,13173,Gas,Subsurface,UNKN,,ASIS,,,,,SKAGERREK,,,"GMC 0067, Bottle no. A-12867 Depth(s) updated on 17-Oct-02",,114973,,,,Air corrected,KSEPL,7/14/2006 0:00,,,55.143887,12.903859,,6.8180614,,0.87365156,2.4983714,,,1.1680793,1.3847735,,,2.14,,2.53,,,,0,GCMS,KSEPL,,,,-49.3,,,,,,,,,,,,,,,,,,,,,,
United Kingdom,029/07- 12 (CUD P4),29-07-12,WELL,CURLEW D,029/07a Rest of Block,56.72137728,1.309163958,World Geodetic System 1984,SHELL,5/26/2007 0:00,2007,,914.4,26.0604,DF,,FPC_814794,11740,11740,Gas,Mudgas,ISOT,,ASIS,,,,,FULMAR,,,"ISOTUBE, 6  SECTION",,,,,,Air corrected,ISOLAB,10/28/2007 0:00,,,82.65509,7.933187,0.4,3.1566474,0.23,0.32335913,0.62912315,,,0.47138813,0.46222362,,,,,,,,,,GC-IRMS,ISOLAB,per mil,10/28/2007 0:00,0.077,-46.2,-30,-26,-25,-27,,-25,-27,-31,-30,,,,,,,,,,,,,
United Kingdom,029/07- 12 (CUD P4),29-07-12,WELL,CURLEW D,029/07a Rest of Block,56.72137728,1.309163958,World Geodetic System 1984,SHELL,5/26/2007 0:00,2007,,914.4,26.0604,DF,,FPC_814793,11710,11710,Gas,Mudgas,ISOT,,ASIS,,,,,FULMAR,,,"ISOTUBE, 6  SECTION",,,,,,Air corrected,ISOLAB,10/28/2007 0:00,,,73.05442,9.651125,,3.4410822,,0.5179141,1.063872,,,0.7402486,0.57199895,,,,,,,,,,GC-IRMS,ISOLAB,per mil,10/28/2007 0:00,0.044,-45.1,-30,-26,-25,-26,,-25,-27,,,,,,,,,,,,,,,
United Kingdom,029/07- 12 (CUD P4),29-07-12,WELL,CURLEW D,029/07a Rest of Block,56.72137728,1.309163958,World Geodetic System 1984,SHELL,5/26/2007 0:00,2007,,914.4,26.0604,DF,,FPC_814792,11680,11680,Gas,Mudgas,ISOT,,ASIS,,,,,FULMAR,,,"ISOTUBE, 6  SECTION",,,,,,Air corrected,ISOLAB,10/28/2007 0:00,,,81.20008,8.715451,,3.116746,,0.32346606,0.54450506,,,0.35180208,0.2611002,,,,,,,,,,GC-IRMS,ISOLAB,per mil,10/28/2007 0:00,0.25,-46.3,-29,-26,-25,-26,,-25,-27,,,,,,,,,,,,,,,
United Kingdom,029/07- 12 (CUD P4),29-07-12,WELL,CURLEW D,029/07a Rest of Block,56.72137728,1.309163958,World Geodetic System 1984,SHELL,5/26/2007 0:00,2007,,914.4,26.0604,DF,,FPC_814791,11650,11650,Gas,Mudgas,ISOT,,ASIS,,,,,FULMAR,,,"ISOTUBE, 6  SECTION",,,,,,Air corrected,ISOLAB,10/28/2007 0:00,,,78.95836,8.872709,,3.6265666,0.06,0.35026678,0.57193846,,,0.4246447,0.309654,,,,,,,,,,GC-IRMS,ISOLAB,per mil,10/28/2007 0:00,0.17,-46.3,-29,-26,-25,-26,,-25,-26,,,,,,,,,,,,,,,
United Kingdom,029/07- 12 (CUD P4),29-07-12,WELL,CURLEW D,029/07a Rest of Block,56.72137728,1.309163958,World Geodetic System 1984,SHELL,5/26/2007 0:00,2007,,914.4,26.0604,DF,,FPC_814790,11620,11620,Gas,Mudgas,ISOT,,ASIS,,,,,FULMAR,,,"ISOTUBE, 6  SECTION",,,,,,Air corrected,ISOLAB,10/28/2007 0:00,,,80.79715,9.058626,,3.7083676,,0.37029627,0.8825872,,,0.46684098,0.47482875,,,,,,,,,,GC-IRMS,ISOLAB,per mil,10/28/2007 0:00,0.083,-46.2,-30,-26,-25,-26,,-25,-26,,,,,,,,,,,,,,,
United Kingdom,029/07- 12 (CUD P4),29-07-12,WELL,CURLEW D,029/07a Rest of Block,56.72137728,1.309163958,World Geodetic System 1984,SHELL,5/26/2007 0:00,2007,,914.4,26.0604,DF,,FPC_814789,11590,11590,Gas,Mudgas,ISOT,,ASIS,,,,,FULMAR,,,"ISOTUBE, 6  SECTION",,,,,,Air corrected,ISOLAB,10/28/2007 0:00,,,73.64042,9.073826,,3.3684912,,0.50538725,0.93985856,,,0.73756677,0.5634653,,,,,,,,,,GC-IRMS,ISOLAB,per mil,10/28/2007 0:00,0.04,-46.5,-30,-26,-25,-27,,-25,-27,,,,,,,,,,,,,,,
United Kingdom,029/07- 12 (CUD P4),29-07-12,WELL,CURLEW D,029/07a Rest of Block,56.72137728,1.309163958,World Geodetic System 1984,SHELL,5/26/2007 0:00,2007,,914.4,26.0604,DF,,FPC_814784,11260,11260,Gas,Mudgas,ISOT,,ASIS,,,,,KIMMERIDGE CLAY,,,"ISOTUBE, 8 1/2  SECTION",,,,,,Air corrected,ISOLAB,10/28/2007 0:00,,,76.01124,11.52418,,5.0957017,,0.42046997,1.6769757,,,0.44978938,0.8757065,,,,,,,,,,GC-IRMS,ISOLAB,per mil,10/28/2007 0:00,0.16,-47.9,-34,-35,-35,-34,,-31,-34,,,,,,,,,,,,,,,
United Kingdom,029/07- 12 (CUD P4),29-07-12,WELL,CURLEW D,029/07a Rest of Block,56.72137728,1.309163958,World Geodetic System 1984,SHELL,5/26/2007 0:00,2007,,914.4,26.0604,DF,,FPC_814755,9460,9460,Gas,Mudgas,ISOT,,ASIS,,,,,,,,"ISOTUBE, 12-1/4  SECTION",,,,,,Air corrected,ISOLAB,10/28/2007 0:00,,,82.158394,2.544795,,1.4971105,,0.44821027,0.41034377,,,0.37431487,0.17491077,,,,,,,,,,GC-IRMS,ISOLAB,per mil,10/28/2007 0:00,0.024,-64.3,-37,-36,-33,-34,,-30,-32,,,,,,,,,,,,,,,
United Kingdom,029/03A-S3(STARLING S3),29/3a-S3,WELL,STARLING,029/03a,56.95348124,1.436060208,World Geodetic System 1984,SHELL,05-02-10 0:00,2010,5/25/2010 0:00,3009.9,26.5176,DF,0,FPC_903483,9817,9817,Gas,Mudgas,ISOT,,ASIS,,,,,SELE FORMATION,,5/21/2010 0:00,"ISOTUBE, NUMBER 22, GAS VALUE: 0.0154, DATE: 21-MAY-2010, TIME: 19:25, GAS PEAK",,,,,,Air corrected,ISOLAB,6/29/2010 0:00,,,89.39811,6.6240225,0.052,2.1349597,0.012,0.24366347,0.50225466,,,0.13067317,0.19712722,,,,,,,,,,GC-IRMS,ISOLAB,per mil,6/29/2010 0:00,0.91,-43.1,-28,-28,-30,-29,,-30,-29,,,,,,,,,,,,,,,
United Kingdom,029/03A-S3(STARLING S3),29/3a-S3,WELL,STARLING,029/03a,56.95348124,1.436060208,World Geodetic System 1984,SHELL,05-02-10 0:00,2010,5/25/2010 0:00,3009.9,26.5176,DF,0,FPC_903482,9800,9800,Gas,Mudgas,ISOT,,ASIS,,,,,SELE FORMATION,,5/21/2010 0:00,"ISOTUBE, NUMBER 21, GAS VALUE: 0.013, DATE: 21-MAY-2010, TIME: 17:58, 50' ROUTINE SAMPLE",,,,,,Air corrected,ISOLAB,6/29/2010 0:00,,,89.11059,6.736786,0.044,2.1773567,0.014,0.25443465,0.4872777,,,0.12368526,0.17417261,,,,,,,,,,GC-IRMS,ISOLAB,per mil,6/29/2010 0:00,0.85,-42.6,-28,-28,-30,-29,,-29,-29,,,,,,,,,,,,,,,
United Kingdom,029/03A-S3(STARLING S3),29/3a-S3,WELL,STARLING,029/03a,56.95348124,1.436060208,World Geodetic System 1984,SHELL,05-02-10 0:00,2010,5/25/2010 0:00,3009.9,26.5176,DF,0,FPC_903481,9784,9784,Gas,Mudgas,ISOT,,ASIS,,,,,SELE FORMATION,,5/21/2010 0:00,"ISOTUBE, NUMBER 20, GAS VALUE: 0.0239, DATE: 21-MAY-2010, TIME: 17:27, GAS PEAK",,,,,,Air corrected,ISOLAB,6/29/2010 0:00,,,90.153305,7.0120063,0.043,2.1867213,0.01,0.18842474,0.33050573,,,0.10580087,0.13889247,,,,,,,,,,GC-IRMS,ISOLAB,per mil,6/29/2010 0:00,1.4,-43.3,-29,-28,-30,-29,,-29,-29,,,,,,,,,,,,,,,
United Kingdom,029/03A-S3(STARLING S3),29/3a-S3,WELL,STARLING,029/03a,56.95348124,1.436060208,World Geodetic System 1984,SHELL,05-02-10 0:00,2010,5/25/2010 0:00,3009.9,26.5176,DF,0,FPC_903477,9650,9650,Gas,Mudgas,ISOT,,ASIS,,,,,SELE FORMATION,,5/21/2010 0:00,"ISOTUBE, NUMBER 16, GAS VALUE: 0.0494, DATE: 21-MAY-2010, TIME: 13:25, 50' ROUTINE SAMPLE",,,,,,Air corrected,ISOLAB,6/29/2010 0:00,,,89.921486,6.452498,0.072,1.8723184,0.019,0.1437481,0.48269063,,,0.07790968,0.11003795,,,,,,,,,,GC-IRMS,ISOLAB,per mil,6/29/2010 0:00,3.7,-42.2,-28,-28,-30,-29,,-29,-28,,,,,,,,,,,,,,,
United Kingdom,029/03A-S3(STARLING S3),29/3a-S3,WELL,STARLING,029/03a,56.95348124,1.436060208,World Geodetic System 1984,SHELL,05-02-10 0:00,2010,5/25/2010 0:00,3009.9,26.5176,DF,0,FPC_903473,9490,9490,Gas,Mudgas,ISOT,,ASIS,,,,,SELE FORMATION,,5/21/2010 0:00,"ISOTUBE, NUMBER 12, GAS VALUE: 0.0705, DATE: 21-MAY-2010, TIME: 08:40, GAS PEAK",,,,,,Air corrected,ISOLAB,6/29/2010 0:00,,,90.2485,6.901206,0.089,2.0824287,0.02,0.14214851,0.4528781,,,0.073974445,0.09217768,,,,,,,,,,GC-IRMS,ISOLAB,per mil,6/29/2010 0:00,4.7,-42.8,-29,-28,-30,-29,,-29,-29,,,,,,,,,,,,,,,
United Kingdom,029/03A-S3(STARLING S3),29/3a-S3,WELL,STARLING,029/03a,56.95348124,1.436060208,World Geodetic System 1984,SHELL,05-02-10 0:00,2010,5/25/2010 0:00,3009.9,26.5176,DF,0,FPC_903468,9362,9362,Gas,Mudgas,ISOT,,ASIS,,,,,SELE FORMATION,,5/21/2010 0:00,"ISOTUBE, NUMBER 7, GAS VALUE: 0.0564, DATE: 21-MAY-2010, TIME: 05:12, GAS PEAK",,,,,,Air corrected,ISOLAB,6/29/2010 0:00,,,90.67585,6.721132,0.072,1.9570328,0.014,0.12518877,0.4157469,,,0.06786531,0.077287816,,,,,,,,,,GC-IRMS,ISOLAB,per mil,6/29/2010 0:00,3.8,-42.4,-29,-28,-30,-28,,-30,-29,,,,,,,,,,,,,,,
United Kingdom,029/03A-S3(STARLING S3),29/3a-S3,WELL,STARLING,029/03a,56.95348124,1.436060208,World Geodetic System 1984,SHELL,05-02-10 0:00,2010,5/25/2010 0:00,3009.9,26.5176,DF,0,FPC_903465,9284,9284,Gas,Mudgas,ISOT,,ASIS,,,,,SELE FORMATION,,5/21/2010 0:00,"ISOTUBE, NUMBER 4, GAS VALUE: 0.035, DATE: 21-MAY-2010, TIME: 03:03, GAS PEAK",,,,,,Air corrected,ISOLAB,6/29/2010 0:00,,,90.2374,6.8563533,0.1,2.207957,0.018,0.1532533,0.47132766,,,0.07783643,0.08331771,,,,,,,,,,GC-IRMS,ISOLAB,per mil,6/29/2010 0:00,2.6,-42.9,-29,-28,-30,-29,,-29,-29,,,,,,,,,,,,,,,
United Kingdom,029/03A-S3(STARLING S3),29/3a-S3,WELL,STARLING,029/03a,56.95348124,1.436060208,World Geodetic System 1984,SHELL,05-02-10 0:00,2010,5/25/2010 0:00,3009.9,26.5176,DF,0,FPC_903464,9275,9275,Gas,Mudgas,ISOT,,ASIS,,,,,SELE FORMATION,,5/21/2010 0:00,"ISOTUBE, NUMBER 3, GAS VALUE: 0.0206, DATE: 21-MAY-2010, TIME: 02:55, 10' ROUTINE SAMPLE",,,,,,Air corrected,ISOLAB,6/29/2010 0:00,,,91.01187,6.6650786,0.052,2.0169961,0.011,0.124496624,0.43334132,,,0.07887059,0.1081315,,,,,,,,,,GC-IRMS,ISOLAB,per mil,6/29/2010 0:00,1.8,-43.2,-29,-28,-30,-29,,-30,-29,,,,,,,,,,,,,,,
United Kingdom,029/03A-S3(STARLING S3),29/3a-S3,WELL,STARLING,029/03a,56.95348124,1.436060208,World Geodetic System 1984,SHELL,05-02-10 0:00,2010,5/25/2010 0:00,3009.9,26.5176,DF,0,FPC_903463,9265,9265,Gas,Mudgas,ISOT,,ASIS,,,,,SELE FORMATION,,5/21/2010 0:00,"ISOTUBE, NUMBER 2, GAS VALUE: 0.021, DATE: 21-MAY-2010, TIME: 02:45, 10' ROUTINE SAMPLE",,,,,,Air corrected,ISOLAB,6/29/2010 0:00,,,91.606064,6.6982384,0.027,2.0025723,0.0074,0.13569716,0.28462178,,,0.06600274,0.08327113,,,,,,,,,,GC-IRMS,ISOLAB,per mil,6/29/2010 0:00,1.7,-43.3,-29,-28,-30,-29,,-29,-29,,,,,,,,,,,,,,,
United Kingdom,029/01B-B2 (BITTERN B2),29/1b-B2,WELL,BITTERN,29/1b,56.91649515,1.023928269,WORLD GEODETIC SYSTEM 1984,SHELL,4/24/1998 0:00,1998,07-02-99 0:00,2253.0775,25.2979,KB,,FPC_320862,7302,7391,Gas,Subsurface,SEPR,,ASIS,,,,,SELE FM,,,"Sub-sampled from 20L cylinder 4728-C1-F, Sep. Gas, Prod. Test Sample # 1.6",,210118,,,,Air corrected,ISOLAB,11-11-10 0:00,,,82.286026,10.621794,,4.800489,,0.5822689,1.3643683,,0.0035,0.21974365,0.2903216,,,0.36,,0.47,0,0,,1,GC-IRMS,ISOLAB,per mil,11-12-10 0:00,,-46.3,-30.8,-29.4,-30.1,-29.3,-30.8,-28.8,-29.2,,,-9.6,,,,,,,,,,,,
United Kingdom,029/01B-B2 (BITTERN B2),29/1b-B2,WELL,BITTERN,29/1b,56.91649515,1.023928269,WORLD GEODETIC SYSTEM 1984,SHELL,4/24/1998 0:00,1998,07-02-99 0:00,2253.0775,25.2979,KB,,EXPRO_41510,0,0,Gas,Surface,ROV,,ASIS,,,,,,,10/24/2016 0:00,North Face - Cylinder 8,,,,,,Air corrected,ISOLAB,12-08-16 0:00,,1.5,77.05906,10.681473,0,3.1385028,0,0.59508985,0.95436805,,0.0051,0.16745307,0.22171023,,,0.14,,0.025,0,0,,1.4,CSIA,ISOLAB,,12-08-16 0:00,,-49.2,-30.6,-29.4,-30.4,-29.6,,-29.3,-29.5,,,,,,,-2.4,,-200,,,,,,
United Kingdom,029/01B-B2 (BITTERN B2),29/1b-B2,WELL,BITTERN,29/1b,56.91649515,1.023928269,WORLD GEODETIC SYSTEM 1984,SHELL,4/24/1998 0:00,1998,07-02-99 0:00,2253.0775,25.2979,KB,,EXPRO_40211,0,0,Gas,Surface,ROV,,ASIS,,,,,,,11-01-14 0:00,Cylinder - CC-02 (Sample 2),,,,,,Air corrected,ISOLAB,11/26/2014 0:00,,0.88,77.8069,11.765,0,4.7018576,0.0002,0.57402885,1.3968,,0.0043,0.2842312,0.33729675,,,0.32,,0.072,0.58,0,,1.6,CSIA,ISOLAB,per mil,11/26/2014 0:00,,-52.7,-30.6,-29.6,-30.3,-29.7,,-29.4,-29.7,,,-25.1,,,,,,,,,,,,
United Kingdom,029/01B-B2 (BITTERN B2),29/1b-B2,WELL,BITTERN,29/1b,56.91649515,1.023928269,WORLD GEODETIC SYSTEM 1984,SHELL,4/24/1998 0:00,1998,07-02-99 0:00,2253.0775,25.2979,KB,,EXPRO_39407,0,0,Gas,Surface,ROV,,ASIS,,,,,,,12-01-13 0:00,"DCB Wellhead PC (BT B2) Possible leak source from plate above flowbase at the conductor interface, behind PCV connector and migrating up through the tree to come out from the machined hole on the tree cap. Clear Gas. 1000-569",,,,,,Air corrected,ISOLAB,12-11-13 0:00,,47.9,80.72312,11.527034,,3.8704407,,0.5230386,1.0169741,,0.0051,0.12010159,0.19611499,,,0.17,,0.0066,0,0,,3.8,CSIA,ISOLAB,per mil,12/19/2013 0:00,,-46.3,-30.9,-29.7,-30.3,-29.6,,-28.8,-29.1,,,,,,,,,,,,,,,
United Kingdom,029/01A-A3Z(BITTERN A3Z),29/1a-A3Z,WELL,BITTERN,29/1a,56.90238651,1.036086312,WORLD GEODETIC SYSTEM 1984,SHELL,09-07-98 0:00,1998,02-01-11 0:00,2236.6225,26.3652,DF,,FPC_911639,4987.48,4987.48,Gas,Mudgas,ISOT,,ASIS,,,,,,,11-04-10 0:00,"ISOTUBE, NUMBER 7, GAS VALUE: 1.33%, DATE: 04-NOV-2010, TIME: 15:03, SAMPLE TYPE: B/G, BOX 1 CIRCULATE AT 100GPM TO FILL",,,,,,Air corrected,ISOLAB,11-12-10 0:00,,,88.55911,5.8776684,,1.07299,,0.086478494,0.22960414,,,0.092045516,0.08281977,,,,,0.025,,,,,GC-IRMS,ISOLAB,per mil,11-12-10 0:00,0.64,-50.2,-28,-28,-29,-29,,-29,-29,,,-17,,,,,,,,,,,,
United Kingdom,029/01A-A3Z(BITTERN A3Z),29/1a-A3Z,WELL,BITTERN,29/1a,56.90238651,1.036086312,WORLD GEODETIC SYSTEM 1984,SHELL,09-07-98 0:00,1998,02-01-11 0:00,2236.6225,26.3652,DF,,FPC_911633,4987.48,4987.48,Gas,Mudgas,ISOT,,ASIS,,,,,,,11-04-10 0:00,"ISOTUBE, NUMBER 20, GAS VALUE: 1.24%, DATE: 04-NOV-2010, TIME: 12:19, SAMPLE TYPE: B/G, BOX 1 STAGE-UP PUMPS TO 300GPM TO CREATE TURBULENT FLOW ACROSS BOPS",,,,,,Air corrected,ISOLAB,11-12-10 0:00,,,88.30551,6.067257,,1.2279975,,0.08354344,0.20145935,,,0.05860444,0.06395643,,,,,0.027,0.086,,,,GC-IRMS,ISOLAB,per mil,11-12-10 0:00,0.53,-50.3,-29,-28,-29,-29,,-29,-29,,,-13,,,,,,,,,,,,
United Kingdom,029/01A-A3Z(BITTERN A3Z),29/1a-A3Z,WELL,BITTERN,29/1a,56.90238651,1.036086312,WORLD GEODETIC SYSTEM 1984,SHELL,09-07-98 0:00,1998,02-01-11 0:00,2236.6225,26.3652,DF,,FPC_911631,4987.48,4987.48,Gas,Mudgas,ISOT,,ASIS,,,,,,,11-04-10 0:00,"ISOTUBE, NUMBER 18, GAS VALUE: 2.11%, DATE: 04-NOV-2010, TIME: 12:10, SAMPLE TYPE: B/G, BOX 1 STAGE-UP PUMPS TO 300GPM TO CREATE TURBULENT FLOW ACROSS BOPS",,,,,,Air corrected,ISOLAB,11-12-10 0:00,,,88.26769,6.469043,,1.7515478,,0.14250785,0.25941572,,,0.095643625,0.06831964,,,,,0.034,,,,,GC-IRMS,ISOLAB,per mil,11-12-10 0:00,0.55,-49.7,-29,-28,-29,-29,,-29,-29,,,-14,,,,,,,,,,,,
United Kingdom,029/01A-A3Z(BITTERN A3Z),29/1a-A3Z,WELL,BITTERN,29/1a,56.90238651,1.036086312,WORLD GEODETIC SYSTEM 1984,SHELL,09-07-98 0:00,1998,02-01-11 0:00,2236.6225,26.3652,DF,,EXPRO_38994,7330,7330,Gas,Subsurface,ISOT,,ASIS,,,,,SELE,,12/15/2010 0:00,10ft Reservoir interval - Total Gas 0.41%,,,,,,Air corrected,ISOLAB,5/13/2013 0:00,,,90.08183,6.468838,0.0025,2.7016299,,0.19298317,0.31031924,,,0.115255944,0.15650654,,,,,,,,,,CSIA,ISOLAB,per mil,5/13/2013 0:00,0.18,-46.7,-30.7,-29.6,-30,-29,,-29,-28,,,,,,,,,,,,,,,
United Kingdom,029/01A-A3Z(BITTERN A3Z),29/1a-A3Z,WELL,BITTERN,29/1a,56.90238651,1.036086312,WORLD GEODETIC SYSTEM 1984,SHELL,09-07-98 0:00,1998,02-01-11 0:00,2236.6225,26.3652,DF,,EXPRO_38993,7297,7297,Gas,Subsurface,ISOT,,ASIS,,,,,SELE,,12/15/2010 0:00,Gas Peak - Total Gas 0.67%,,,,,,Air corrected,ISOLAB,5/13/2013 0:00,,,88.72846,7.4997067,,2.9828668,0.003,0.20878603,0.5348597,,,0.14987677,0.1720671,,,,,,,,,,CSIA,ISOLAB,per mil,5/13/2013 0:00,0.3,-46.1,-30.7,-29.6,-31,-30,,-29,-29,,,,,,,,,,,,,,,
United Kingdom,029/01A-A3Z(BITTERN A3Z),29/1a-A3Z,WELL,BITTERN,29/1a,56.90238651,1.036086312,WORLD GEODETIC SYSTEM 1984,SHELL,09-07-98 0:00,1998,02-01-11 0:00,2236.6225,26.3652,DF,,EXPRO_38992,6950,6950,Gas,Subsurface,ISOT,,ASIS,,,,,BALDER,,12-07-10 0:00,Gas Peak - Total Gas 0.8%,,,,,,Air corrected,ISOLAB,5/13/2013 0:00,,,86.78516,8.143013,,4.091171,,0.24886134,0.68837607,,,0.124631,0.14063984,,,,,,,,,,CSIA,ISOLAB,per mil,5/13/2013 0:00,0.45,-46.7,-32.1,-30.9,-31,-31,,-30,-30,,,,,,,,,,,,,,,
United Kingdom,029/01A-A3Z(BITTERN A3Z),29/1a-A3Z,WELL,BITTERN,29/1a,56.90238651,1.036086312,WORLD GEODETIC SYSTEM 1984,SHELL,09-07-98 0:00,1998,02-01-11 0:00,2236.6225,26.3652,DF,,EXPRO_38991,5672,5672,Gas,Subsurface,ISOT,,ASIS,,,,,LARK,,12-04-10 0:00,Gas Peak - Total Gas 1.28,,,,,,Air corrected,ISOLAB,5/13/2013 0:00,,,94.69883,5.666986,0.001,1.0690999,0.0014,0.14654703,0.23676434,,,0.060427736,0.057501066,,,,,,,,,,CSIA,ISOLAB,per mil,5/13/2013 0:00,0.74,-45.4,-31.1,-30.3,-31,-30,,-30,-30,,,,,,,,,,,,,,,
United Kingdom,029/01A-A3Z(BITTERN A3Z),29/1a-A3Z,WELL,BITTERN,29/1a,56.90238651,1.036086312,WORLD GEODETIC SYSTEM 1984,SHELL,09-07-98 0:00,1998,02-01-11 0:00,2236.6225,26.3652,DF,,EXPRO_38990,4772,4772,Gas,Subsurface,ISOT,,ASIS,,,,,LARK,,12-04-10 0:00,Gas Peak - Total Gas 1.02%,,,,,,Air corrected,ISOLAB,5/13/2013 0:00,,,91.14307,6.907401,,1.068002,0.0031,0.19349308,0.29036596,,,0.07639241,0.09828509,,,,,,,,,,CSIA,ISOLAB,per mil,5/13/2013 0:00,0.5,-46.1,-31.1,-30,-31,-30,,-30,-29,,,,,,,,,,,,,,,
United Kingdom,029/01A-A3Z(BITTERN A3Z),29/1a-A3Z,WELL,BITTERN,29/1a,56.90238651,1.036086312,WORLD GEODETIC SYSTEM 1984,SHELL,09-07-98 0:00,1998,02-01-11 0:00,2236.6225,26.3652,DF,,EXPRO_38989,3425.39,3425.39,Gas,Subsurface,ISOT,,ASIS,,,,,,,12-03-10 0:00,Gas Peak  - Total Gas 3.62%,,,,,,Air corrected,ISOLAB,5/13/2013 0:00,,,87.33364,8.140303,,0.86894065,,0.117892936,0.17294289,,,0.04946488,0.052883454,,,,,,,,,,CSIA,ISOLAB,per mil,5/13/2013 0:00,5.5,-52.9,,,,,,,,,,,,,,,,,,,,,,
United Kingdom,029/01A-A2 (BITTERN A2),29/1a-A2,WELL,BITTERN,29/1a,56.9022291,1.036216593,WORLD GEODETIC SYSTEM 1984,SHELL,09-03-98 0:00,1998,3/20/1999 0:00,2290.2671,25.2984,KB,,FPC_319983,7407,7513,Gas,Subsurface,SEPR,,ASIS,,,,,SELE FM,,,"Sub-sampled from 20L cylinder 3775-C1-F, Sep. Gas, Prod. Test Sample # 1.4",,210110,,,,Air corrected,ISOLAB,11-11-10 0:00,,,82.19482,11.400949,,4.5306234,,0.47690168,1.0368855,,0.0029,0.18390511,0.21397603,,,0.24,,0.59,0,0,,1.1,GC-IRMS,ISOLAB,per mil,11-12-10 0:00,,-46.2,-30.9,-29.4,-30,-29.2,-30.6,-28.9,-29.1,,,-9.6,,,,,,,,,,,,
United Kingdom,029/01A-A2 (BITTERN A2),29/1a-A2,WELL,BITTERN,29/1a,56.9022291,1.036216593,WORLD GEODETIC SYSTEM 1984,SHELL,09-03-98 0:00,1998,3/20/1999 0:00,2290.2671,25.2984,KB,,EXPRO_40209,0,0,Gas,Surface,ROV,,ASIS,,,,,,,11-02-14 0:00,Cylinder CC-C-3 (Sample 3),,,,,,Air corrected,ISOLAB,11/26/2014 0:00,,3.8,83.37976,10.664645,0,3.1115246,0,0.44620335,0.9881309,,0.0029,0.16464686,0.23019105,,,0.16,,0.016,0.12,0,,0.99,CSIA,ISOLAB,per mil,11/26/2014 0:00,,-46.7,-31.3,-29.9,-30.5,-30,,-29.2,-29.7,,,,,,,,,,,,,,,
United Kingdom,029/01A-A2 (BITTERN A2),29/1a-A2,WELL,BITTERN,29/1a,56.9022291,1.036216593,WORLD GEODETIC SYSTEM 1984,SHELL,09-03-98 0:00,1998,3/20/1999 0:00,2290.2671,25.2984,KB,,EXPRO_40104,0,0,Gas,Surface,ROV,,ASIS,,,,,,,07-04-14 0:00,PA TREE    DCA PA (BT A2) Production Tree. Average No. of Bubbles 300 per minute Average Bubble Diameter approx 2-4mm. 1000-511,,,,,,Air corrected,ISOLAB,8/14/2014 0:00,,5.6,84.57807,8.764069,,3.8727944,,0.4837311,0.7586144,,0.0028,0.14959483,0.12395205,,,0.15,,1.2,0,0,,0.59,CSIA,ISOLAB,per mil,8/22/2014 0:00,,-47.2,-31.5,-29.8,-30.8,-30.1,,-29.3,-29.9,,,4.1,,,,,,,,,,,,
United Kingdom,029/10-07,29-10-07,WELL,PUFFIN,029/10d,56.73871326,1.821645114,WORLD GEODETIC SYSTEM 1984,SHELL,09-01-06 0:00,2006,,1598.8619,26.3652,DF,-304.4952,FPC_794965,17210,17210,Gas,Mudgas,ISOT,,ASIS,,,,,,,11/23/2006 0:00,"ISOTUBE, NUMBER G-0016, GAS VALUE: 1490 PPM, DATE: 23-NOV-2006, TIME: 15:00, GAS OUT, 30' REGULAR",,,,,,Air corrected,ISOLAB,1/25/2007 0:00,,,63.421833,12.133893,13,3.635792,13,0.45747682,1.6041098,,,0.6635813,0.9130738,,,,,,,,,,GC-IRMS,ISOLAB,per mil,1/25/2007 0:00,0.018,-37.3,-29,-27,-27,-26,,-29,-25,-28,-28,,,,,,,,,,,,,
United Kingdom,029/10-07,29-10-07,WELL,PUFFIN,029/10d,56.73871326,1.821645114,WORLD GEODETIC SYSTEM 1984,SHELL,09-01-06 0:00,2006,,1598.8619,26.3652,DF,-304.4952,FPC_794964,17180,17180,Gas,Mudgas,ISOT,,ASIS,,,,,,,11/23/2006 0:00,"ISOTUBE, NUMBER G-0015, GAS VALUE: 700 PPM, DATE: 23-NOV-2006, TIME: 13:15, GAS OUT, 30' REGULAR",,,,,,Air corrected,ISOLAB,1/25/2007 0:00,,,56.68553,15.024329,11,3.6178687,11,0.47504398,1.6144592,,,0.8314786,0.7932819,,,,,,,,,,GC-IRMS,ISOLAB,per mil,1/25/2007 0:00,0.0073,-36.4,-29,-27,-29,-26,,-29,-25,-25,-28,,,,,,,,,,,,,
United Kingdom,029/10-07,29-10-07,WELL,PUFFIN,029/10d,56.73871326,1.821645114,WORLD GEODETIC SYSTEM 1984,SHELL,09-01-06 0:00,2006,,1598.8619,26.3652,DF,-304.4952,FPC_794950,16790,16790,Gas,Mudgas,ISOT,,ASIS,,,,,,,11/22/2006 0:00,"ISOTUBE, NUMBER G-0001, GAS VALUE: 1100 PPM, DATE: 22-NOV-2006, TIME: 10:55, GAS OUT, 30' REGULAR",,,,,,Air corrected,ISOLAB,1/25/2007 0:00,,,65.25435,9.3112135,8.1,3.0690486,13,0.3787341,1.206473,,,1.3475819,1.0866848,,,,,,,,,,GC-IRMS,ISOLAB,per mil,1/25/2007 0:00,0.0034,,-28,-28,-28,-27,,-29,-26,,-27,,,,,,,,,,,,,
United Kingdom,029/10-07,29-10-07,WELL,PUFFIN,029/10d,56.73871326,1.821645114,WORLD GEODETIC SYSTEM 1984,SHELL,09-01-06 0:00,2006,,1598.8619,26.3652,DF,-304.4952,FPC_794948,16730,16730,Gas,Mudgas,ISOT,,ASIS,,,,,,,11/22/2006 0:00,"ISOTUBE, NUMBER F-0024, GAS VALUE: 1640 PPM, DATE: 22-NOV-2006, TIME: 07:35, GAS OUT, 30' REGULAR",,,,,,Air corrected,ISOLAB,1/25/2007 0:00,,,61.92449,12.6419,9.2,3.675351,10,0.49881992,1.7557062,,,0.6898031,0.92161775,,,,,,,,,,GC-IRMS,ISOLAB,per mil,1/25/2007 0:00,0.014,-37.1,-29,-27,-26,-26,,-27,-23,-27,-27,,,,,,,,,,,,,
United Kingdom,029/10-07,29-10-07,WELL,PUFFIN,029/10d,56.73871326,1.821645114,WORLD GEODETIC SYSTEM 1984,SHELL,09-01-06 0:00,2006,,1598.8619,26.3652,DF,-304.4952,FPC_794946,16670,16670,Gas,Mudgas,ISOT,,ASIS,,,,,,,11/22/2006 0:00,"ISOTUBE, NUMBER F-0022, GAS VALUE: 1850 PPM, DATE: 22-NOV-2006, TIME: 02:05, GAS OUT, 30' REGULAR",,,,,,Air corrected,ISOLAB,1/25/2007 0:00,,,60.016037,11.85488,13,3.7407737,14,0.43092236,1.5239773,,,0.55732155,1.0047649,,,,,,,,,,GC-IRMS,ISOLAB,per mil,1/25/2007 0:00,0.011,-37.4,-30,-27,-28,-26,,-27,-26,-28,-27,,,,,,,,,,,,,
United Kingdom,029/10-07,29-10-07,WELL,PUFFIN,029/10d,56.73871326,1.821645114,WORLD GEODETIC SYSTEM 1984,SHELL,09-01-06 0:00,2006,,1598.8619,26.3652,DF,-304.4952,FPC_794941,16550,16550,Gas,Mudgas,ISOT,,ASIS,,,,,,,11/21/2006 0:00,"ISOTUBE, NUMBER F-0017, GAS VALUE: 1300 PPM, DATE: 21-NOV-2006, TIME: 19:35, GAS OUT, 30' REGULAR",,,,,,Air corrected,ISOLAB,1/25/2007 0:00,,,57.088585,13.299876,11,4.0497255,11,0.49996346,1.8467591,,,0.8447309,1.1545484,,,,,,,,,,GC-IRMS,ISOLAB,per mil,1/25/2007 0:00,0.01,-37.5,-30,-27,-27,-27,,-28,-25,-27,-27,,,,,,,,,,,,,
United Kingdom,029/10-07,29-10-07,WELL,PUFFIN,029/10d,56.73871326,1.821645114,WORLD GEODETIC SYSTEM 1984,SHELL,09-01-06 0:00,2006,,1598.8619,26.3652,DF,-304.4952,FPC_794926,15700,15700,Gas,Mudgas,ISOT,,ASIS,,,,,,,11-07-06 0:00,"ISOTUBE, NUMBER F-0002, GAS VALUE: 3690 PPM, DATE: 07-NOV-2006, TIME: 10:00, GAS OUT, 90' REGULAR",,,,,,Air corrected,ISOLAB,1/25/2007 0:00,,,61.082436,13.05596,10,4.914771,12,0.4709182,2.0985246,,,1.1665604,1.3242325,,,,,,,,,,GC-IRMS,ISOLAB,per mil,1/25/2007 0:00,0.024,-39,-31,-28,-29,-27,,-27,-25,-28,-28,,,,,,,,,,,,,
United Kingdom,029/10-07,29-10-07,WELL,PUFFIN,029/10d,56.73871326,1.821645114,WORLD GEODETIC SYSTEM 1984,SHELL,09-01-06 0:00,2006,,1598.8619,26.3652,DF,-304.4952,FPC_794920,15250,15250,Gas,Mudgas,ISOT,,ASIS,,,,,,,10/29/2006 0:00,"ISOTUBE, NUMBER E-0021, GAS VALUE: 2800 PPM, DATE: 29-OCT-2006, TIME: 11:00, GAS OUT, 90' REGULAR",,,,,,Air corrected,ISOLAB,1/25/2007 0:00,,,65.81412,12.0785055,9.7,3.0944762,11,0.36719266,1.2346132,,,0.6118194,0.41885856,,,,,,,,,,GC-IRMS,ISOLAB,per mil,1/25/2007 0:00,0.047,-39,-30,-27,-29,-27,,,-25,-28,-28,,,,,,,,,,,,,
United Kingdom,023/22A-C1,23/22a-C1,WELL,PIERCE,023/22a,57.18316432,2.215037542,WORLD GEODETIC SYSTEM 1984,SHELL,10/28/2011 0:00,2011,12-12-11 0:00,3097.3776,26.3652,DF,-304.4952,EXPRO_39239,10162,10162,Gas,Subsurface,ISOT,,ASIS,,,,,Sele,,11/13/2011 0:00,TG% 0.25,,,,,,Air corrected,ISOLAB,10-02-13 0:00,,,95.447365,0.0,0.041,0.23272647,0.027,0.05232573,0.07008106,,,0.03005387,0.012745489,,,,,,,,,,CSIA,ISOLAB,per mil,10-02-13 0:00,0.055,-68.2,-31,-31,-31,-31,,,,,,,,,,,,,,,,,,
United Kingdom,023/22A-C1,23/22a-C1,WELL,PIERCE,023/22a,57.18316432,2.215037542,WORLD GEODETIC SYSTEM 1984,SHELL,10/28/2011 0:00,2011,12-12-11 0:00,3097.3776,26.3652,DF,-304.4952,EXPRO_39238,10140,10140,Gas,Subsurface,ISOT,,ASIS,,,,,Sele,,11-12-11 0:00,TG% 0.27,,,,,,Air corrected,ISOLAB,10-02-13 0:00,,,85.454956,5.3951263,0.35,1.5586877,0.23,0.31970716,0.49658936,,,0.2458528,0.43426305,,,,,,,,,,CSIA,ISOLAB,per mil,10-02-13 0:00,0.02,-54.4,-30,-31,-31,-30,,-28,-31,,,,,,,,,,,,,,,
United Kingdom,023/22A-C1,23/22a-C1,WELL,PIERCE,023/22a,57.18316432,2.215037542,WORLD GEODETIC SYSTEM 1984,SHELL,10/28/2011 0:00,2011,12-12-11 0:00,3097.3776,26.3652,DF,-304.4952,EXPRO_39237,10080,10080,Gas,Subsurface,ISOT,,ASIS,,,,,Balder,,11-12-11 0:00,TG% 0.24,,,,,,Air corrected,ISOLAB,10-02-13 0:00,,,90.62021,1.3256042,0.11,1.5070535,0.07,0.24577188,0.32855225,,,0.21218887,0.09572293,,,,,,,,,,CSIA,ISOLAB,per mil,10-02-13 0:00,0.023,-57.9,-31,-31,-32,-31,,,,,,,,,,,,,,,,,,
United Kingdom,023/22A-C1,23/22a-C1,WELL,PIERCE,023/22a,57.18316432,2.215037542,WORLD GEODETIC SYSTEM 1984,SHELL,10/28/2011 0:00,2011,12-12-11 0:00,3097.3776,26.3652,DF,-304.4952,EXPRO_39236,10000,10000,Gas,Subsurface,ISOT,,ASIS,,,,,Horda,,11-12-11 0:00,TG% 0.207,,,,,,Air corrected,ISOLAB,10-02-13 0:00,,,85.43469,4.0422626,,2.147029,,0.14459483,0.33207548,,,0.17488438,0.26352632,,,,,,,,,,CSIA,ISOLAB,per mil,10-02-13 0:00,0.0045,-56,-30,-30,,-29,,,,,,,,,,,,,,,,,,
United Kingdom,023/22A-C1,23/22a-C1,WELL,PIERCE,023/22a,57.18316432,2.215037542,WORLD GEODETIC SYSTEM 1984,SHELL,10/28/2011 0:00,2011,12-12-11 0:00,3097.3776,26.3652,DF,-304.4952,EXPRO_39235,8010,8010,Gas,Subsurface,ISOT,,ASIS,,,,,Lark,,11-10-11 0:00,TG% 0.24,,,,,,Air corrected,ISOLAB,10-02-13 0:00,,,96.78258,0.12480047,,0.31629837,,0.023076624,0.024967862,,,0.017273016,0.025757695,,,,,,,,,,CSIA,ISOLAB,per mil,10-02-13 0:00,0.032,-67.6,-32,-31,,-31,,,,,,,,,,,,,,,,,,
United Kingdom,023/22A-C1,23/22a-C1,WELL,PIERCE,023/22a,57.18316432,2.215037542,WORLD GEODETIC SYSTEM 1984,SHELL,10/28/2011 0:00,2011,12-12-11 0:00,3097.3776,26.3652,DF,-304.4952,EXPRO_39234,6000,6000,Gas,Subsurface,ISOT,,ASIS,,,,,Lark,,11-09-11 0:00,TG% 0.29,,,,,,Air corrected,ISOLAB,10-02-13 0:00,,,100.0,0.0,,0.05142808,,0.0059546204,0.0082760155,,,0.009185515,0.017963402,,,,,,,,,,CSIA,ISOLAB,per mil,10-02-13 0:00,0.1,-71.6,-34,,,,,,,,,,,,,,,,,,,,,
United Kingdom,023/22A-A11,23/22a-A11,WELL,PIERCE,023/22a,57.16859029,2.258521036,WORLD GEODETIC SYSTEM 1984,SHELL,1/17/2011 0:00,2011,2/23/2011 0:00,3792.9311,26.3652,DF,0,EXPRO_39270,12300,12300,Gas,Subsurface,ISOT,,ASIS,,,,,Sele,,2/19/2011 0:00,"8 1/2"" pilot hole section samples",,,,,,Air corrected,ISOLAB,10/17/2013 0:00,,,61.60911,13.597175,,9.823783,,1.4773391,6.006648,,,2.9654822,3.9594462,,,,,,,,,,CSIA,ISOLAB,per mil,10/17/2013 0:00,0.0027,-42.4,-30.4,-30,-31,-30,,-29,-30,,,,,,,,,,,,,,,
United Kingdom,023/22A-A11,23/22a-A11,WELL,PIERCE,023/22a,57.16859029,2.258521036,WORLD GEODETIC SYSTEM 1984,SHELL,1/17/2011 0:00,2011,2/23/2011 0:00,3792.9311,26.3652,DF,0,EXPRO_39269,11900,11900,Gas,Subsurface,ISOT,,ASIS,,,,,Sele,,2/19/2011 0:00,"8 1/2"" pilot hole section samples",,,,,,Air corrected,ISOLAB,10/17/2013 0:00,,,71.31942,11.797165,,8.615751,,1.2072852,4.387515,,,1.0536448,1.8176124,,,,,,,,,,CSIA,ISOLAB,per mil,10/17/2013 0:00,0.025,-44.4,-30.2,-29,-30,-29,,-29,-30,,,,,,,,,,,,,,,
United Kingdom,023/22A-A11,23/22a-A11,WELL,PIERCE,023/22a,57.16859029,2.258521036,WORLD GEODETIC SYSTEM 1984,SHELL,1/17/2011 0:00,2011,2/23/2011 0:00,3792.9311,26.3652,DF,0,EXPRO_39268,11403,11403,Gas,Subsurface,ISOT,,ASIS,,,,,Sele,,2/18/2011 0:00,"8 1/2"" pilot hole section samples",,,,,,Air corrected,ISOLAB,10/17/2013 0:00,,,73.16003,11.110142,,5.982156,,1.1308627,3.122319,,,1.0232577,1.4517548,,,,,,,,,,CSIA,ISOLAB,per mil,10/17/2013 0:00,0.05,-44.1,-29.7,-29,-31,-29,,-29,-29,,,,,,,,,,,,,,,
United Kingdom,023/22A-A11,23/22a-A11,WELL,PIERCE,023/22a,57.16859029,2.258521036,WORLD GEODETIC SYSTEM 1984,SHELL,1/17/2011 0:00,2011,2/23/2011 0:00,3792.9311,26.3652,DF,0,EXPRO_39267,11100,11100,Gas,Subsurface,ISOT,,ASIS,,,,,Sele,,2/18/2011 0:00,"8 1/2"" pilot hole section samples",,,,,,Air corrected,ISOLAB,10/17/2013 0:00,,,71.55712,11.602622,,8.410074,,1.2839315,4.396283,,,1.19464,1.647599,,,,,,,,,,CSIA,ISOLAB,per mil,10/17/2013 0:00,0.026,-45.1,-30,-29,-30,-29,,-29,-29,,,,,,,,,,,,,,,
United Kingdom,023/22A-A11,23/22a-A11,WELL,PIERCE,023/22a,57.16859029,2.258521036,WORLD GEODETIC SYSTEM 1984,SHELL,1/17/2011 0:00,2011,2/23/2011 0:00,3792.9311,26.3652,DF,0,EXPRO_39266,10700,10700,Gas,Subsurface,ISOT,,ASIS,,,,,Sele,,2/17/2011 0:00,"8 1/2"" pilot hole section samples",,,,,,Air corrected,ISOLAB,10/17/2013 0:00,,,72.9822,11.236501,,5.6508884,,1.0960402,2.970974,,,0.9945354,1.2806017,,,,,,,,,,CSIA,ISOLAB,per mil,10/17/2013 0:00,0.054,-44.2,-30,-29,-30,-29,,-29,-29,,,,,,,,,,,,,,,
United Kingdom,023/22A-A11,23/22a-A11,WELL,PIERCE,023/22a,57.16859029,2.258521036,WORLD GEODETIC SYSTEM 1984,SHELL,1/17/2011 0:00,2011,2/23/2011 0:00,3792.9311,26.3652,DF,0,EXPRO_39265,10500,10500,Gas,Subsurface,ISOT,,ASIS,,,,,Sele,,2/17/2011 0:00,"12 1/4"" hole section samples",,,,,,Air corrected,ISOLAB,10/17/2013 0:00,,,69.907646,12.256787,,9.133888,,1.335472,4.402876,,,1.3716053,2.8499289,,,,,,,,,,CSIA,ISOLAB,per mil,10/17/2013 0:00,0.02,-45.4,-30.9,-30,-31,-30,,-29,-29,,,,,,,,,,,,,,,
United Kingdom,022/29-02,22/29- 2,WELL,SEAGULL,022/29,57.15330173,1.644647953,World Geodetic System 1984,TALISMAN,9/21/1991 0:00,1991,01-02-92 0:00,4404.9697,24.384,KB,-304.4952,FPC_62250,13500,13650,Gas,Unspecified,,,ASIS,,,,,SKAGERRAK,,,"GMC 0604, Skagerrak Fm., test 2B-1, sample 2.04, bottle A 15860. Name updated on 17-Oct-02 Oct 2002 WOCO 703 became 701 for this SACO + Orders 3, 4, 5, 6 became 2, 3, 4, 5",,157369,,,,Air corrected,KSEPL,7/14/2006 0:00,,,78.41687,11.381781,,4.826745,,0.670956,1.5130023,0,,0.35241434,0.57163626,,,0.63,,1.53,,,,1.01,GCMS,KSEPL,,,,-44.5,-30.8,,,,,,,,,,,,,,,,,,,,,
United Kingdom,022/29-02,22/29- 2,WELL,SEAGULL,022/29,57.15330173,1.644647953,World Geodetic System 1984,TALISMAN,9/21/1991 0:00,1991,01-02-92 0:00,4404.9697,24.384,KB,-304.4952,FPC_62243,13600,13650,Gas,Unspecified,,,ASIS,,,,,SKAGERRAK,,,"GMC 0603, Skagerrak Fm., test 2A-3, sample 2.09, bottle A 17249. Name and depth(s) updated on 17-Oct-02 Oct 2002 WOCO 703 became 701 for this SACO + Orders 3, 4, 5, 6 became 2, 3, 4, 5",,157368,,,,Air corrected,KSEPL,7/14/2006 0:00,,,78.44036,11.580319,,4.9002934,,0.69432837,1.3885025,,,0.31953782,0.43878755,,,0.38,,1.55,,,,1.07,GCMS,KSEPL,,,,-44.5,-30.8,,,,,,,,,,,,,,,,,,,,,
United Kingdom,022/29-02,22/29- 2,WELL,SEAGULL,022/29,57.15330173,1.644647953,World Geodetic System 1984,TALISMAN,9/21/1991 0:00,1991,01-02-92 0:00,4404.9697,24.384,KB,-304.4952,FPC_62240,13351,13385,Gas,Unspecified,,,ASIS,,,,,PENTLAND,,,"GMC 0605, Pentland Fm., test 3A-3, sample 3.23, bottle A 16046. Name and depth(s) updated on 17-Oct-02 Oct 2002 WOCO 703 became 701 for this SACO + Orders 3, 4, 5, 6 became 2, 3, 4, 5",,157370,,,,Air corrected,KSEPL,7/14/2006 0:00,,,77.236305,12.289714,,5.1302724,,0.76644146,1.5692614,,,0.3965382,0.5021718,,,0.46,,1.62,,,,1.05,GCMS,KSEPL,,,,-45,-31.5,,,,,,,,,,,,,,,,,,,,,
United Kingdom,022/24b-05,22/24b- 5AZ,WELL,MARNOCK,22/24,57.29480706,1.615079482,WORLD GEODETIC SYSTEM 1984,SHELL,11/24/1985 0:00,1985,4/18/1985 0:00,1235.6104,8.3613,KB,,FPC_317672,11526,11570,Gas,Subsurface,DST,,ASIS,,,,,,,,"GMC 0122, Bottle no. 2078A Name and depth(s) updated on 17-Oct-02, DST 2",,127654,,,,Air corrected,KSEPL,7/14/2006 0:00,,,78.41406,10.209717,,4.4970574,,0.4707106,0.8989216,,,0.2018676,0.25517577,,,0.14,0,1.56,,,,1.79,GCMS,KSEPL,,,,-37.3,,,,,,,,,,,,,,,,,,,,,,
United Kingdom,022/24b-05,22/24b- 5AZ,WELL,MARNOCK,22/24,57.29480706,1.615079482,WORLD GEODETIC SYSTEM 1984,SHELL,11/24/1985 0:00,1985,4/18/1985 0:00,1235.6104,8.3613,KB,,FPC_317670,11670,11708,Gas,Subsurface,DST,,ASIS,,,,,,,,"GMC 0123, Bottle no. 8175A Name updated on 17-Oct-02, DST 1",,127655,,,,Air corrected,KSEPL,7/14/2006 0:00,,,77.399,11.142328,,5.1470127,,0.6763106,1.3166153,,,0.34126464,0.568713,0.03,,0.5,0,1.55,,,,1.7,GCMS,KSEPL,,,,-37.3,,,,,,,,,,,,,,,,,,,,,,
United Kingdom,022/24b-05,22/24b- 5AZ,WELL,MARNOCK,22/24,57.29480706,1.615079482,WORLD GEODETIC SYSTEM 1984,SHELL,11/24/1985 0:00,1985,4/18/1985 0:00,1235.6104,8.3613,KB,,EXPRO_41057,0,0,Gas,Subsurface,UNKN,,ASIS,,,,,,,,"A16064, 4087-J1-F",,,,,,Air corrected,ISOLAB,3/16/2016 0:00,,,81.67873,8.329002,,2.1405485,,0.44119313,0.6465324,,,0.15412857,0.14095983,,,,,1.31,,,,4.6,CSIA,ISOLAB,per mil,3/16/2016 0:00,,-37.3,-27.2,-26.5,-26.9,-27.9,,-27.3,-30.8,,,-13.2,,,,,,,,,,,,
United Kingdom,022/23b-06,22/23b- 6,WELL,Turnstone,022/23b,57.1712832,1.450230055,World Geodetic System 1984,BP,2/17/1999 0:00,1999,07-06-99 0:00,4800.5998,26.5176,KB,,FPC_64783,14590,14758,Gas,Subsurface,DST,,ASIS,,,,,,,,"GMC 1337, DST-1, sam:1-28, 01/06/99, 23:45-00:00 hrs.",,193139,,,,Air corrected,RTS,7/14/2006 0:00,,,77.14577,12.67609,,6.273276,,0.5469534,1.5991147,,,0.24737152,0.33784145,,,0.3,,1.38,,,,0.83,GC-IRMS,ISOLAB,per mil,,,-47.4,-33.4,-31.4,-32.4,-30.6,,-30.1,-30,,,,,,,-5.6,,-230,,,,,,
United Kingdom,022/23b-06,22/23b- 6,WELL,Turnstone,022/23b,57.1712832,1.450230055,World Geodetic System 1984,BP,2/17/1999 0:00,1999,07-06-99 0:00,4800.5998,26.5176,KB,,FPC_64781,8620,8620,Gas,Subsurface,MDT,,ASIS,,,,,,,,"GMC 1324, ex MDT-MPSRBA-140",,192858,,,,Air corrected,RTS,7/14/2006 0:00,,,76.88767,7.082719,,3.1732588,,0.3698379,0.990449,,,0.16693765,0.17882104,,,0.2,,20,,0,,,GC-IRMS,ISOLAB,per mil,,,-43.4,-28,-27.6,-28.4,-27.8,,-27.8,-29.6,,,-17.5,47.1,,,,,,,,,,,
United Kingdom,022/23b-06,22/23b- 6,WELL,Turnstone,022/23b,57.1712832,1.450230055,World Geodetic System 1984,BP,2/17/1999 0:00,1999,07-06-99 0:00,4800.5998,26.5176,KB,,FPC_64775,8608.5,8608.5,Gas,Unspecified,,,ASIS,,,,,TAY SAND,,,"GMC 1268, Tay Sand Fm., ex MPSRBA 139, 8521 ft TVSS",,192701,,,,Air corrected,RTS,7/14/2006 0:00,,,78.849655,8.989648,,4.4021354,,0.78123367,1.8771875,,,0.5012501,0.99108946,,,2.2,,2.3,,0,,1.21,GC-IRMS,ISOLAB,per mil,,,-43.8,-28,-27.2,-28.2,-27.4,,-27.5,-27.4,,,-13.3,29.5,,,-2.9,,,,,,,,
United Kingdom,022/21-D2 (GD-A03),22/21-D2 ,WELL,GANNET D,022/21,57.31762402,1.0814799,World Geodetic System 1984,SHELL,08-02-91 0:00,1991,5/14/2001 0:00,2888.8944,27.432,KB,,EXPRO_40227,0,0,Gas,Surface,ROV,,ASIS,,,,,,,10/26/2014 0:00,"Gas and clear liquid seen to be emerging from 2 inch AIV valve, sample taken from protective structure above this location. Plant live at time of sample. 1000-487",,,,,,Air corrected,ISOLAB,12-11-14 0:00,,0.57,87.475716,6.8307443,,2.5572345,,0.27933374,0.5122217,,0.0003,0.048467383,0.06019709,,,0.017,,0.55,0,0,,1.2,CSIA,ISOLAB,per mil,12-11-14 0:00,,-47.5,-32.4,-30.8,-30.2,-29.4,,-29,-29.5,,,-16.3,,,,-3.5,,,,,,,,
United Kingdom,022/21-D2 (GD-A03),22/21-D2 ,WELL,GANNET D,022/21,57.31762402,1.0814799,World Geodetic System 1984,SHELL,08-02-91 0:00,1991,5/14/2001 0:00,2888.8944,27.432,KB,,EXPRO_40226,0,0,Gas,Surface,ROV,,ASIS,,,,,,,10/25/2014 0:00,"GD-03 Upper Surface Production Face at NE corner. Well is operating, Ref anomaly no; MA06 on 2014/C101-06. 1000-569",,,,,,Air corrected,ISOLAB,12-11-14 0:00,,0.58,89.73468,0.11336321,,0.015113298,,0.0031567956,0.0019639502,,0,0.00070695125,0.00036710175,,,0.005,,0.005,0,0,,1.5,CSIA,ISOLAB,per mil,12-11-14 0:00,,-69.6,-36.5,-30.1,-30,-29.2,,-28.3,-27.9,,,,,,,0,,,,,,,,
United Kingdom,022/21-D2 (GD-A03),22/21-D2 ,WELL,GANNET D,022/21,57.31762402,1.0814799,World Geodetic System 1984,SHELL,08-02-91 0:00,1991,5/14/2001 0:00,2888.8944,27.432,KB,,EXPRO_39718,0,0,Gas,Surface,UNKN,ROV,ASIS,,,,,,,,gas sample collected from the base of the tree between the well casing and conductor,,,,,,Air corrected,ISOLAB,5/29/2014 0:00,,8.7,70.03795,0.0,,0.010690648,,0.005669012,0.002391607,,0,0.001972835,0.0007573886,,,0,,0.17,0,0,,1,CSIA,ISOLAB,per mil,5/29/2014 0:00,,-69.4,-38.4,-30.9,-30.3,-29.7,,-28.6,-28.2,,,-16.5,,,,-0.3,,,,,,,,
United Kingdom,022/12A-9Z (HOWE A01S1),22/12a- 9Z ,WELL,HOWE,022/12a,57.64040115,1.370583366,WORLD GEODETIC SYSTEM 1984,SHELL,1/29/2004 0:00,2004,4/28/2004 0:00,4409.2368,26.3652,KB,,EXPRO_41620,0,0,Gas,Subsurface,SEPR,,ASIS,,,,,,,,Cylinder - TS-455-07,,,,,,Air corrected,ISOLAB,2/20/2017 0:00,,13,70.17453,9.652522,0,2.730769,0,0.16505584,0.34658763,,0,0.03611363,0.0065971455,,,0.016,,2.5,0,0,,7.3,CSIA,ISOLAB,,2/20/2017 0:00,,-47.7,-32.8,-30.3,-28.7,-27.5,,-28.4,-29.2,,,-12.3,,,,-0.5,,-243,,,,,,
United Kingdom,022/12A-9Z (HOWE A01S1),22/12a- 9Z ,WELL,HOWE,022/12a,57.64040115,1.370583366,WORLD GEODETIC SYSTEM 1984,SHELL,1/29/2004 0:00,2004,4/28/2004 0:00,4409.2368,26.3652,KB,,EXPRO_39410,0,0,Gas,Subsurface,SEPR,,ASIS,,,,,,,11/14/2013 0:00,HOWE GAS EX. NELSON TEST SEPARATOR - TS-172602,,,,,,Air corrected,ISOLAB,1/16/2014 0:00,,0.15,66.22052,12.295313,,7.663236,,0.79460424,1.7099836,,0.0013,0.19501154,0.1799563,,,0.2,,4,0,0,,1.6,CSIA,ISOLAB,per mil,1/16/2014 0:00,,-47,-33.5,-29.8,-29.6,-29.9,,-28.8,-29.9,,,-7,,,,-5.4,,,,,,,,
United Kingdom,022/12A-9Z (HOWE A01S1),22/12a- 9Z ,WELL,HOWE,022/12a,57.64040115,1.370583366,WORLD GEODETIC SYSTEM 1984,SHELL,1/29/2004 0:00,2004,4/28/2004 0:00,4409.2368,26.3652,KB,,EXPRO_39226,0,0,Gas,Subsurface,SEPR,,ASIS,,,,,,,4/16/2013 0:00,TS-172304,,,,,,Air corrected,ISOLAB,09-11-13 0:00,,0.094,66.445816,12.396525,,7.937088,,0.81833094,1.5389025,,0.0013,0.1988215,0.18576312,,,0.23,,4,0,0,,1.7,CSIA,ISOLAB,per mil,09-11-13 0:00,,-47,-33.8,-29.7,-29.8,-30,,-29,-30.4,,,-7.1,,,,-5.3,,,,,,,,
United Kingdom,022/12A-9Z (HOWE A01S1),22/12a- 9Z ,WELL,HOWE,022/12a,57.64040115,1.370583366,WORLD GEODETIC SYSTEM 1984,SHELL,1/29/2004 0:00,2004,4/28/2004 0:00,4409.2368,26.3652,KB,,EXPRO_39224,0,0,Gas,Subsurface,SEPR,,ASIS,,,,,,,05-02-13 0:00,TS-172602,,,,,,Air corrected,ISOLAB,09-11-13 0:00,,0.41,60.46581,14.743729,,10.926927,,0.990251,2.4680357,,0.0026,0.38311833,0.5781192,,,0.47,,4.3,0,0,,1.6,CSIA,ISOLAB,per mil,09-11-13 0:00,,-47.3,-33.7,-29.4,-29.4,-29.6,,-28.6,-29.7,,,-6.7,,,,-5.6,,,,,,,,
United Kingdom,022/12A-9Z (HOWE A01S1),22/12a- 9Z ,WELL,HOWE,022/12a,57.64040115,1.370583366,WORLD GEODETIC SYSTEM 1984,SHELL,1/29/2004 0:00,2004,4/28/2004 0:00,4409.2368,26.3652,KB,,EXPRO_39000,0,0,Gas,Subsurface,UNKN,,ASIS,,,,,,,2/24/2013 0:00,Cylinder number -TS-21-04,,,,,,Air corrected,ISOLAB,5/14/2013 0:00,,0.11,63.813488,12.17147,,9.679273,,0.80943483,1.7839999,,0.0014,0.2662148,0.19182411,,,0.27,,3.9,0,0,,1.8,CSIA,ISOLAB,per mil,5/14/2013 0:00,,-47.1,-33.7,-30,-29.9,-30.3,,-28.6,-30,,,,,,,-4.9,,,,,,,,
United Kingdom,022/12A-9Z (HOWE A01S1),22/12a- 9Z ,WELL,HOWE,022/12a,57.64040115,1.370583366,WORLD GEODETIC SYSTEM 1984,SHELL,1/29/2004 0:00,2004,4/28/2004 0:00,4409.2368,26.3652,KB,,EXPRO_39000,0,0,Gas,Subsurface,UNKN,,ASIS,,,,,,,2/24/2013 0:00,Cylinder number -TS-21-04,,,,,,Air corrected,ISOLAB,5/14/2013 0:00,,0.11,64.67938,12.1524105,,8.7749,,0.79494506,1.6808441,,0.0014,0.22865683,0.18755917,,,0.27,,3.9,0,0,,1.8,CSIA,ISOLAB,per mil,5/14/2013 0:00,,-47.1,-33.7,-30,-29.9,-30.3,,-28.6,-30,,,-6.7,,,,-4.9,,,,,,,,
United Kingdom,022/12A-9Z (HOWE A01S1),22/12a- 9Z ,WELL,HOWE,022/12a,57.64040115,1.370583366,WORLD GEODETIC SYSTEM 1984,SHELL,1/29/2004 0:00,2004,4/28/2004 0:00,4409.2368,26.3652,KB,,EXPRO_39000,0,0,Gas,Subsurface,UNKN,,ASIS,,,,,,,2/24/2013 0:00,Cylinder number -TS-21-04,,,,,,Air corrected,ISOLAB,5/14/2013 0:00,,0.11,63.813488,12.17147,,9.679273,,0.80943483,1.7839999,,0.0014,0.2662148,0.19182411,,,0.27,,3.9,0,0,,1.8,CSIA,ISOLAB,per mil,5/14/2013 0:00,,-47.1,-33.7,-30,-29.9,-30.3,,-28.6,-30,,,,,,,-4.9,,,,,,,,
United Kingdom,021/25-A9 (GA-A23),21/25-A9,WELL,GANNET A,021/25,57.1843936,0.998549991,World Geodetic System 1984,SHELL,03-11-95 0:00,1995,12/25/1995 0:00,4958.1815,48.4632,KB,,FPC_831016,12165,15975,Gas,Surface,SEPR,SEPR,ASIS,,,,,,,1/18/2009 0:00,"P=14.5 bar, GA23 via test separator, formation gas natural flow, cylinder TS-51-14.",,,,,,Air corrected,ISOLAB,4/20/2009 0:00,,,73.082825,13.773139,,9.044957,,1.2112018,2.322991,,0.0068,0.46551555,0.516705,,,0.38,,1,,,,0.48,GC-IRMS,ISOLAB,per mil,4/20/2009 0:00,,-46.9,-32,-30.1,-29.7,-29.7,,-28.7,-29.5,,,,,,,,,,,,,,,
United Kingdom,021/25-A9 (GA-A23),21/25-A9,WELL,GANNET A,021/25,57.1843936,0.998549991,World Geodetic System 1984,SHELL,03-11-95 0:00,1995,12/25/1995 0:00,4958.1815,48.4632,KB,,FPC_831013,12185,12185,Gas,Subsurface,ANUL,B,ASIS,,,,,,,11-05-08 0:00,"P=4.0 bar, GA23 'B' annulus, cylinder TS-51-15, pressure 4 bar",,,,,,Air corrected,ISOLAB,4/20/2009 0:00,,,70.72926,4.8562913,,0.13804518,,0.046581503,0.19690971,,0.0041,0.06484419,0.07166799,,,0.24,,0.0008,21.5,,,2.3,GC-IRMS,ISOLAB,per mil,4/20/2009 0:00,,-68.9,-38.2,-31.5,-31.1,-30.9,,-29.2,-29.9,,,,,,,,,,,,,,,
United Kingdom,021/25-A9 (GA-A23),21/25-A9,WELL,GANNET A,021/25,57.1843936,0.998549991,World Geodetic System 1984,SHELL,03-11-95 0:00,1995,12/25/1995 0:00,4958.1815,48.4632,KB,,EXPRO_40134,0,0,Gas,Subsurface,ANUL,B,ASIS,,,,,,,06-06-14 0:00,TS-1392-02,,,,,,Air corrected,ISOLAB,09-01-14 0:00,,25.8,80.3658,0.62674737,0.0087,0.10694542,0.001,0.008347418,0.012365337,,0,0.0034228521,0.0035935624,,,0.0079,,0.015,12.7,0,,2.2,CSIA,ISOLAB,per mil,09-09-14 0:00,,-62.8,-33.3,-30.7,-29.5,-29.7,,-28.5,-29.4,,,,,,,,,,,,,,,
United Kingdom,021/25-A7 (GA-A03),21/25-A7 ,WELL,GANNET A,021/25,57.18435837,0.998360766,World Geodetic System 1984,SHELL,12-04-94 0:00,1994,04-01-95 0:00,4716.4754,48.4632,KB,,FPC_831012,10890,10890,Gas,Subsurface,ANUL,B,ASIS,,,,,,,11-05-08 0:00,"P=6.0 bar, GA03 'B' annulus, cylinder TS-55-2",,,,,,Air corrected,ISOLAB,4/20/2009 0:00,,,75.15622,12.134913,,4.611462,,0.84878916,1.3738577,,0.011,0.34142056,0.8341837,,,0.83,,0.0093,1.3,,,0.81,GC-IRMS,ISOLAB,per mil,4/20/2009 0:00,,-46,-31.9,-30.7,-30.9,-30.6,,-29.2,-29.9,,,,,,,,,,,,,,,
United Kingdom,021/25-A7 (GA-A03),21/25-A7 ,WELL,GANNET A,021/25,57.18435837,0.998360766,World Geodetic System 1984,SHELL,12-04-94 0:00,1994,04-01-95 0:00,4716.4754,48.4632,KB,,EXPRO_41008,0,0,Gas,Subsurface,ANUL,B,ASIS,,,,,,,1/30/2016 0:00,ylinder TS-55-01 - The sample consisted almost entirely of base oil + a very small quantity of dissolved gas,,,,,,Air corrected,ABE_PC_LAB,2/16/2016 0:00,,,80.10761,9.266032,,0.3190238,,0.09043989,0.050041173,,0.0072,0.009072862,0.0060158717,,,,,0.004,0.1787,,0.0004,1.9544,,,,,,,,,,,,,,,,,,,,,,,,,,,,
United Kingdom,021/25-A7 (GA-A03),21/25-A7 ,WELL,GANNET A,021/25,57.18435837,0.998360766,World Geodetic System 1984,SHELL,12-04-94 0:00,1994,04-01-95 0:00,4716.4754,48.4632,KB,,EXPRO_41005,0,0,Gas,Subsurface,ANUL,B,ASIS,,,,,,,1/30/2016 0:00,"Cylinder TS-55-01 - Please note that this annulus has recently been ""topped-up"" by expro well services",,,,,,Air corrected,ISOLAB,3/25/2016 0:00,,1.4,75.20754,14.853761,0.0007,6.2312775,0.0002,0.5967983,1.0897713,,0.0047,0.080274016,0.12424164,,,0.044,,0,0.59,0,,3.1,CSIA,ISOLAB,per mil,3/25/2016 0:00,,-47.7,-32.8,-30.8,-30.3,-29.9,,-28.1,-29.1,,,,,,-708,-3.3,,-224,,,,,,
United Kingdom,021/25-A7 (GA-A03),21/25-A7 ,WELL,GANNET A,021/25,57.18435837,0.998360766,World Geodetic System 1984,SHELL,12-04-94 0:00,1994,04-01-95 0:00,4716.4754,48.4632,KB,,EXPRO_40135,0,0,Gas,Subsurface,ANUL,B,ASIS,,,,,,,06-03-14 0:00,TS-285-17,,,,,,Air corrected,ISOLAB,09-01-14 0:00,,0.037,86.35428,8.0241585,0.0002,3.4863975,0,0.22350688,0.58666843,,0.0005,0.057984237,0.05560617,,,0.036,,0,0.27,0,,1.4,CSIA,ISOLAB,per mil,09-09-14 0:00,,-47,-32.1,-30.3,-30,-29.8,,-28.5,-29.5,,,,,,,,,,,,,,,
United Kingdom,021/25-A13 (GA-A22),21/25-A13 ,WELL,GANNET A,022/21,57.18437662,0.998516941,WORLD GEODETIC SYSTEM 1984,SHELL,11-11-95 0:00,1995,12/24/1995 0:00,4113.8858,48.4632,KB,,FPC_831014,9527,9527,Gas,Subsurface,ANUL,B,ASIS,,,,,,,11-05-08 0:00,"P=17.0 bar, GA22 'B' annulus, cylinder TS-1301-04, pressure 17 bar",,,,,,Air corrected,ISOLAB,4/20/2009 0:00,,,69.4211,1.0072343,,0.098018505,,0.009402653,0.019301811,,,0.0052861436,0.001790507,,,0.0087,,,45,,,18.3,GC-IRMS,ISOLAB,per mil,4/20/2009 0:00,,-66.6,-35.7,-27,-27.5,-29.1,,-28.7,-29.4,,,,,,,,,,,,,,,
United Kingdom,021/25-A13 (GA-A22),21/25-A13 ,WELL,GANNET A,022/21,57.18437662,0.998516941,WORLD GEODETIC SYSTEM 1984,SHELL,11-11-95 0:00,1995,12/24/1995 0:00,4113.8858,48.4632,KB,,EXPRO_40137,0,0,Gas,Subsurface,ANUL,B,ASIS,,,,,,,06-05-14 0:00,TS-51-12,,,,,,Air corrected,ISOLAB,09-01-14 0:00,,6.3,78.97694,13.080045,0.0043,4.820972,0.001,0.36382192,0.62130713,,0.0011,0.050831225,0.05028635,,,0.013,,0.0044,0.69,0,,1.4,CSIA,ISOLAB,per mil,09-09-14 0:00,,-47.2,-32.4,-30.6,-29.8,-29.9,,-28.5,-28.9,,,,,,,,,,,,,,,
United Kingdom,021/25-A13 (GA-A22),21/25-A13 ,WELL,GANNET A,022/21,57.18437662,0.998516941,WORLD GEODETIC SYSTEM 1984,SHELL,11-11-95 0:00,1995,12/24/1995 0:00,4113.8858,48.4632,KB,,EXPRO_39382,0,0,Gas,Subsurface,ANUL,B,ASIS,,,,,,,11-02-13 0:00,TS-55-01 - B annulus sample,,,,,,Air corrected,ISOLAB,12-10-13 0:00,,0.067,82.64641,8.898169,0.0004,1.873499,,0.093169875,0.30443412,,,0.018462991,0.02391038,,,0.014,,0,0.27,0,,1.9,CSIA,ISOLAB,per mil,12/16/2013 0:00,,-46.5,-31.8,-30.3,-29.8,-29.5,,-27.8,-28.7,,,,,,,-4.1,,,,,,,,
United Kingdom,020/03-04,20-03-04,WELL,020/03-04 (Marten),020/03,57.85023531,-0.428717484,World Geodetic System 1984,AMOCO,06-04-84 0:00,1984,08-07-84 0:00,3773.4241,23.47,KB,,EXPRO_29995,10904.99,10904.99,Gas,Unspecified,,,ASIS,,,,,,,,,,1000119,,,,UNKNOWN,RTS,01-01-00 0:00,,,56.400253,8.986584,,7.7321444,,0.58898246,2.7921746,,,0.63847154,0.8289574,,,0.99,,10.28,,0.99,,2.94,,,,,,,,,,,,,,,,,,,,,,,,,,,,
United Kingdom,020/03-04,20-03-04,WELL,020/03-04 (Marten),020/03,57.85023531,-0.428717484,World Geodetic System 1984,AMOCO,06-04-84 0:00,1984,08-07-84 0:00,3773.4241,23.47,KB,,EXPRO_29995,10904.99,10904.99,Gas,Unspecified,,,ASIS,,,,,,,,,,1000119,,,,UNKNOWN,RTS,01-01-00 0:00,,,57.949356,8.99393,,7.6705194,,0.5677726,2.823831,,,0.9300023,1.0412562,,,1.44,,9.15,,0.83,,4.17,,,,,,,,,,,,,,,,,,,,,,,,,,,,
United Kingdom,020/03-04,20-03-04,WELL,020/03-04 (Marten),020/03,57.85023531,-0.428717484,World Geodetic System 1984,AMOCO,06-04-84 0:00,1984,08-07-84 0:00,3773.4241,23.47,KB,,EXPRO_16353,11014.99,11014.99,Gas,Unspecified,,,ASIS,,,,,,,,,,1000120,,,,UNKNOWN,RTS,01-01-00 0:00,,,64.373825,7.864636,,6.1365323,,0.34503198,1.1027265,,,0.24180475,0.2472224,,,0.15,,14.87,,1.32,,5.03,,,,,,,,,,,,,,,,,,,,,,,,,,,,
United Kingdom,015/18A-06S1,15/18a- 6Z,WELL,015/18A-06Z,015/18a,58.38863527,0.425359617,World Geodetic System 1984,PETRO-CANADA,02-09-86 0:00,1986,06-10-86 0:00,3942.8927,25.908,DF,,FPC_317755,12620,12636,Gas,Unspecified,,,ASIS,,,,,PIPER SANDS,,,"GMC 0570, Piper Sands Fm., PT-1D.02, bottle: A 16082.",,154960,,,,Air corrected,KSEPL,7/14/2006 0:00,,,68.07427,16.242098,,8.012867,,0.6174019,1.2006769,,,0.15378276,0.26012388,,,0.37,,4.16,,,,2.48,GCMS,KSEPL,,,,-47.9,-34.8,,,,,,,,,,,,,,,,,,,,,
United Kingdom,015/18A-06S1,15/18a- 6Z,WELL,015/18A-06Z,015/18a,58.38863527,0.425359617,World Geodetic System 1984,PETRO-CANADA,02-09-86 0:00,1986,06-10-86 0:00,3942.8927,25.908,DF,,FPC_317753,12655,12655,Gas,Unspecified,,,ASIS,,,,,,,,"GMC 0158, Bottle no. 8488-N139",,128372,,,,Air corrected,KSEPL,7/14/2006 0:00,,,69.74048,13.380283,,6.0117316,,0.6035914,1.1242851,,,0.15600406,0.30070174,0.02,,0.51,0,3.35,,,,4.36,GCMS,KSEPL,,,,-47.3,,,,,,,,,,,,,,,,,,,,,,
United Kingdom,015/18A-06S1,15/18a- 6Z,WELL,015/18A-06Z,015/18a,58.38863527,0.425359617,World Geodetic System 1984,PETRO-CANADA,02-09-86 0:00,1986,06-10-86 0:00,3942.8927,25.908,DF,,EXPRO_34848,12635.01,12635.01,Gas,Unspecified,,,ASIS,,,,,,,,,,1000091,,,,UNKNOWN,RTS,01-01-00 0:00,,,74.49365,11.425796,,5.32428,,0.57169414,1.1679455,,,0.16583559,0.27784315,,,0.34,,3.52,,,,1.77,,,,,,,,,,,,,,,,,,,,,,,,,,,,
United Kingdom,015/16-10,15/16- 10,WELL,TARTAN,015/16a (Tartan),58.37573226,0.017993015,World Geodetic System 1984,TEXACO,11/19/1980 0:00,1980,3/22/1981 0:00,3869.1312,24.384,KB,,EXPRO_20454,12146,12210.01,Gas,Unspecified,,,ASIS,,,,,,,,,,1000087,,,,UNKNOWN,RTS,01-01-00 0:00,,,69.09096,10.006235,,3.969364,,0.44433266,1.0267045,,,0.17891024,0.39263284,,,2.15,,5.96,,,,0.92,,,,,,,,,,,,,,,,,,,,,,,,,,,,
United Kingdom,015/16-10,15/16- 10,WELL,TARTAN,015/16a (Tartan),58.37573226,0.017993015,World Geodetic System 1984,TEXACO,11/19/1980 0:00,1980,3/22/1981 0:00,3869.1312,24.384,KB,,EXPRO_20454,12146,12210.01,Gas,Unspecified,,,ASIS,,,,,,,,,,1000087,,,,UNKNOWN,RTS,01-01-00 0:00,,,66.848694,8.771431,,4.895951,,0.27344134,0.7924858,,,0.107884996,0.10314289,,,0.07,,6.53,,,,5.26,,,,,,,,,,,,,,,,,,,,,,,,,,,,
United Kingdom,015/16-10,15/16- 10,WELL,TARTAN,015/16a (Tartan),58.37573226,0.017993015,World Geodetic System 1984,TEXACO,11/19/1980 0:00,1980,3/22/1981 0:00,3869.1312,24.384,KB,,EXPRO_15736,11989.99,12100,Gas,Unspecified,,,ASIS,,,,,,,,,,1000086,,,,UNKNOWN,RTS,01-01-00 0:00,,,69.09096,10.561399,,3.9248123,,0.44350278,1.0252832,,,0.18247592,0.4034534,,,2.2,,5.87,,,,0.88,,,,,,,,,,,,,,,,,,,,,,,,,,,,
United Kingdom,014/29a-05,14/29a- 5,WELL,GOLDENEYE,14/29,58.00540529,-0.346441395,World Geodetic System 1984,SHELL,4/18/1999 0:00,1999,05-08-99 0:00,2801.1121,24.384,KB,,FPC_64791,8568,8568,Gas,Unspecified,,,ASIS,,,,,,,,"GMC 1327, see OMC 8652 WELL RANNOCH = 14/29A-5",,192884,,,,Air corrected,RTS,7/14/2006 0:00,,,86.31906,6.680628,,3.0297043,,0.4393216,0.92971724,,,0.3036046,0.44096556,,,0.47,,0.36,,0,,1.03,GC-IRMS,ISOLAB,per mil,,,-40.9,-27.8,-26.8,-28.6,-27.6,,-28.2,-28.1,,,,,,,-6.4,,,,,,,,
United Kingdom,014/29a-05,14/29a- 5,WELL,GOLDENEYE,14/29,58.00540529,-0.346441395,World Geodetic System 1984,SHELL,4/18/1999 0:00,1999,05-08-99 0:00,2801.1121,24.384,KB,,FPC_64786,8790,8790,Gas,Unspecified,,,ASIS,,,,,,,,"GMC 1347, bottle: 546",,193494,,,,Air corrected,RTS,7/14/2006 0:00,,,85.88351,6.880639,0.3,3.448928,0.02,0.4032447,0.8756048,,,0.11291861,0.119180664,,,,,,,,,,GC-IRMS,ISOLAB,per mil,,,-41.7,-28.5,-27.3,-25,-24,,-26,-28,,,,,,,,,,,,,,,
United Kingdom,014/29a-05,14/29a- 5,WELL,GOLDENEYE,14/29,58.00540529,-0.346441395,World Geodetic System 1984,SHELL,4/18/1999 0:00,1999,05-08-99 0:00,2801.1121,24.384,KB,,FPC_64785,8662,8662,Gas,Unspecified,,,ASIS,,,,,,,,"GMC 1328, see OMC 8653 WELL RANNOCH = 14/29A-5",,192885,,,,Air corrected,RTS,7/14/2006 0:00,,,85.85677,7.2007446,,3.247452,,0.4075895,0.92597824,,,0.15631945,0.18282658,,,0.18,,0.45,,0,,0.9,GC-IRMS,ISOLAB,per mil,,,-41.3,-28.3,-27.4,-28.3,-27.9,,-28.1,-28.1,,,,,,,-5.9,,,,,,,,
